<?xml version="1.0" encoding="UTF-8"?>
<application version="5" xmlns="http://java.sun.com/xml/ns/javaee" xmlns:xsi="http://www.w3.org/2001/XMLSchema-instance" xsi:schemaLocation="http://java.sun.com/xml/ns/javaee http://java.sun.com/xml/ns/javaee/application_5.xsd">
  <display-name>BankApplication</display-name>
  <module>
    <ejb>BankApplication-ejb.jar</ejb>
  </module>
  <module>
    <web>
      <web-uri>BankApplication-war.war</web-uri>
      <context-root>/bank</context-root>
    </web>
  </module>
  <security-role>
    <role-name>admin</role-name>
  </security-role>
  <security-role>
    <role-name>customer</role-name>
  </security-role>
</application>
