<?xml version="1.0" encoding="UTF-8"?>
<!DOCTYPE sun-application PUBLIC "-//Sun Microsystems, Inc.//DTD Application Server 9.0 Java EE Application 5.0//EN" "http://www.sun.com/software/appserver/dtds/sun-application_5_0-0.dtd">
<sun-application>
  <security-role-mapping>
    <role-name>admin</role-name>
    <group-name>admin</group-name>
  </security-role-mapping>
  <security-role-mapping>
    <role-name>customer</role-name>
    <group-name>customer</group-name>
  </security-role-mapping>
</sun-application>
